<?xml version="1.0" encoding="UTF-8"?>
<simplicite xmlns:xsi="http://www.w3.org/2001/XMLSchema-instance" xmlns="http://www.simplicite.fr/base" xsi:schemaLocation="http://www.simplicite.fr/base https://www.simplicite.io/resources/schemas/base.xsd">
<object>
	<name>QASection</name>
	<action>upsert</action>
	<data>
		<qaSecNumber>1</qaSecNumber>
		<qaSecParent.qaSecNumber/>
		<qaSecTitle>Section 1</qaSecTitle>
		<qaSecDescription><![CDATA[<p>This is the first section</p>]]></qaSecDescription>
	</data>
	<data>
		<qaSecNumber>1.1</qaSecNumber>
		<qaSecParent.qaSecNumber>1</qaSecParent.qaSecNumber>
		<qaSecTitle>Sub-section 1.1</qaSecTitle>
		<qaSecDescription><![CDATA[<p>This is the <strong>sub-section</strong> 1 of section 1</p>]]></qaSecDescription>
	</data>
	<data>
		<qaSecNumber>1.2</qaSecNumber>
		<qaSecParent.qaSecNumber>1</qaSecParent.qaSecNumber>
		<qaSecTitle>Sub-section 1.2</qaSecTitle>
		<qaSecDescription><![CDATA[<p>This is the <strong>sub-section</strong> 2 of section 1</p>]]></qaSecDescription>
	</data>
</object>
<object>
	<name>QAQuestionAndAnswer</name>
	<action>upsert</action>
	<data>
		<qaQaaSection.qaSecNumber>1.1</qaQaaSection.qaSecNumber>
		<qaQaaKeywords>KEYWORD1</qaQaaKeywords>
		<qaQaaDate>2020-01-22 16:23:58</qaQaaDate>
		<qaQaaQuestion><![CDATA[<p>This is <strong>question</strong> 1.1.1</p>]]></qaQaaQuestion>
		<qaQaaAnswer><![CDATA[<p>This is <strong>answer</strong> 1.1.1</p>]]></qaQaaAnswer>
		<qaQaaDocument/>
		<qaQaaURL><![CDATA[https://www.google.fr]]></qaQaaURL>
	</data>
	<data>
		<qaQaaSection.qaSecNumber>1.1</qaQaaSection.qaSecNumber>
		<qaQaaKeywords>KEYWORD2;KEYWORD3</qaQaaKeywords>
		<qaQaaDate>2020-01-22 16:24:22</qaQaaDate>
		<qaQaaQuestion><![CDATA[<p>This is <strong>question</strong> 1.1.2</p>]]></qaQaaQuestion>
		<qaQaaAnswer><![CDATA[<p>This is <strong>answer</strong> 1.1.2</p>]]></qaQaaAnswer>
		<qaQaaDocument>DMQAQuestionAndAnswer/dmqaQaaDocument/0/5/doc.pdf</qaQaaDocument>
		<qaQaaURL/>
	</data>
	<data>
		<qaQaaSection.qaSecNumber>1.1</qaQaaSection.qaSecNumber>
		<qaQaaKeywords>KEYWORD1;KEYWORD3</qaQaaKeywords>
		<qaQaaDate>2020-01-22 16:24:45</qaQaaDate>
		<qaQaaQuestion><![CDATA[<p>This is <strong>question</strong> 1.1.3</p>]]></qaQaaQuestion>
		<qaQaaAnswer><![CDATA[<p>This is <strong>answser</strong> 1.1.3</p>]]></qaQaaAnswer>
		<qaQaaDocument/>
		<qaQaaURL/>
	</data>
	<data>
		<qaQaaSection.qaSecNumber>1.2</qaQaaSection.qaSecNumber>
		<qaQaaKeywords>KEYWORD2</qaQaaKeywords>
		<qaQaaDate>2020-01-22 16:25:10</qaQaaDate>
		<qaQaaQuestion><![CDATA[<p>This is <strong>question</strong> 1.2.1</p>]]></qaQaaQuestion>
		<qaQaaAnswer><![CDATA[<p>This is <strong>answer</strong> 1.2.1</p>]]></qaQaaAnswer>
		<qaQaaDocument/>
		<qaQaaURL><![CDATA[https://www.google.fr]]></qaQaaURL>
	</data>
	<data>
		<qaQaaSection.qaSecNumber>1.2</qaQaaSection.qaSecNumber>
		<qaQaaKeywords>KEYWORD3</qaQaaKeywords>
		<qaQaaDate>2020-01-22 16:25:26</qaQaaDate>
		<qaQaaQuestion><![CDATA[<p>This is question 1.2.2</p>]]></qaQaaQuestion>
		<qaQaaAnswer><![CDATA[<p>This is <strong>answer</strong> 1.2.2</p>]]></qaQaaAnswer>
		<qaQaaDocument>DMQAQuestionAndAnswer/dmqaQaaDocument/0/6/doc.pdf</qaQaaDocument>
		<qaQaaURL/>
	</data>
</object>
</simplicite>